timestep,env_idx,joint_0,joint_1,joint_2,joint_3,joint_4,joint_5
0,0,0.0021538354922086,0.0368892140686512,1.7745423316955566,0.012906061485409737,1.5725234746932983,0.0005669031525030732
1,0,0.0039636483415961266,0.06493483483791351,1.7696506977081299,-0.03761296346783638,1.5769507884979248,0.0005556090036407113
2,0,0.0066515421494841576,0.09414201974868774,1.7629324197769165,-0.08375601470470428,1.582896113395691,0.0005806529661640525
3,0,0.010110855102539062,0.12192743271589279,1.754701852798462,-0.12315032631158829,1.5899955034255981,0.0006065416382625699
4,0,0.014242743141949177,0.14772412180900574,1.7452176809310913,-0.15736684203147888,1.5980368852615356,0.0006217248737812042
5,0,0.018396053463220596,0.278313547372818,1.7370189428329468,-0.07422369718551636,1.6043570041656494,0.0006264280527830124
6,0,0.02240351215004921,0.3683961033821106,1.730117678642273,-0.06581863015890121,1.609419345855713,0.0005908855819143355
7,0,0.0257528405636549,0.042023204267024994,1.7243051528930664,-0.2465125322341919,1.6143887042999268,0.0012712109601125121
8,0,0.028915686532855034,0.11896925419569016,1.7190769910812378,-0.0987989604473114,1.618410587310791,0.002126499777659774
9,0,0.03152288869023323,0.01903368905186653,1.7149276733398438,-0.1326744705438614,1.6222193241119385,0.0003057330031879246
10,0,0.034027718007564545,0.06213544309139252,1.7112982273101807,-0.09438252449035645,1.625454306602478,0.0016210867324844003
11,0,0.03605133295059204,-0.0019971365109086037,1.708541989326477,-0.09857237339019775,1.6285146474838257,0.0004104222753085196
12,0,0.03801143169403076,0.0388796404004097,1.7061903476715088,-0.064818374812603,1.6311113834381104,0.001339887734502554
13,0,0.039605651050806046,-0.01973772421479225,1.7043741941452026,-0.08982007205486298,1.6336963176727295,0.0006010017823427916
14,0,0.04114164412021637,0.01312799472361803,1.7028470039367676,-0.05721200257539749,1.6358975172042847,0.0015435144305229187
15,0,0.042355895042419434,-0.027619626373052597,1.7017258405685425,-0.05209759622812271,1.6379673480987549,0.0007041273056529462
16,0,0.04356019198894501,-0.01751358062028885,1.7008368968963623,-0.05828758701682091,1.6397509574890137,0.0016000079922378063
17,0,0.04449852183461189,-0.03299921378493309,1.7002474069595337,-0.042175762355327606,1.6415011882781982,0.0007270574569702148
18,0,0.04540611803531647,-0.031223172321915627,1.699946641921997,-0.05861862748861313,1.643044352531433,0.0012093143304809928
19,0,0.04614321142435074,-0.03037833794951439,1.6997543573379517,-0.023918872699141502,1.6444356441497803,0.0005641040042974055
20,0,0.04683958739042282,-0.04068410396575928,1.6997216939926147,-0.05133712291717529,1.6457273960113525,0.0009855475509539247
21,0,0.047414615750312805,-0.027834177017211914,1.6996961832046509,-0.015609930269420147,1.6468801498413086,0.0006958345766179264
22,0,0.047940224409103394,-0.04608571529388428,1.6997936964035034,-0.037811897695064545,1.6479967832565308,0.0009469860815443099
23,0,0.04838348552584648,-0.03145502880215645,1.6999142169952393,-0.018432943150401115,1.6490368843078613,0.0008198453579097986
24,0,0.048759277909994125,-0.043361444026231766,1.700094223022461,-0.027970297262072563,1.6500368118286133,0.0007689567864872515
25,0,0.049081239849328995,-0.036487214267253876,1.7002922296524048,-0.026526590809226036,1.650960922241211,0.0008883348200470209
26,0,0.04933615028858185,-0.0420931838452816,1.700512170791626,-0.018979843705892563,1.6518245935440063,0.0008240705938078463
27,0,0.049547966569662094,-0.04059765860438347,1.7007651329040527,-0.018894925713539124,1.6526269912719727,0.0007901062490418553
28,0,0.0497211217880249,-0.042273394763469696,1.7010287046432495,-0.01645389385521412,1.653374433517456,0.0008253123378381133
29,0,0.04985686391592026,-0.04307296499609947,1.7013309001922607,-0.013290226459503174,1.6540827751159668,0.0007750130025669932
30,0,0.049966875463724136,-0.04339276999235153,1.7016477584838867,-0.012350043281912804,1.6547523736953735,0.0007955975597724319
31,0,0.05005234479904175,-0.044553857296705246,1.7019929885864258,-0.01012042723596096,1.6553964614868164,0.0007713705999776721
32,0,0.05012024939060211,-0.04459927976131439,1.7023543119430542,-0.009485662914812565,1.656017541885376,0.000772723404224962
33,0,0.050172772258520126,-0.045603565871715546,1.7027374505996704,-0.00823271181434393,1.656622052192688,0.0007579712546430528
34,0,0.05021395906805992,-0.04572547599673271,1.7031358480453491,-0.007583813741803169,1.657212257385254,0.0007599839009344578
35,0,0.05024579167366028,-0.046378832310438156,1.7035504579544067,-0.006615811493247747,1.6577930450439453,0.0007478430634364486
36,0,0.05027167126536369,-0.04619700834155083,1.7039756774902344,-0.005775373429059982,1.6583665609359741,0.0007546211127191782
37,0,0.050292499363422394,-0.046608805656433105,1.7044137716293335,-0.005683280527591705,1.6589373350143433,0.0006899751024320722
38,0,0.05031159520149231,-0.04755375161767006,1.7048563957214355,-0.001387659809552133,1.65950608253479,0.0007504000677727163
39,0,0.050336919724941254,-0.04753118380904198,1.7053126096725464,-0.0014056505169719458,1.6600768566131592,0.0008426597341895103
40,0,0.05037304013967514,-0.04769888520240784,1.7057814598083496,-0.0017787173856049776,1.6606568098068237,0.0009000707068480551
41,0,0.05041665583848953,-0.0477822981774807,1.706257939338684,-0.0012411122443154454,1.6612530946731567,0.0008898530504666269
42,0,0.0504729300737381,-0.04770941659808159,1.7067362070083618,-0.0018701744265854359,1.6618608236312866,0.0009185494855046272
43,0,0.05053936690092087,-0.04786391928792,1.7072168588638306,-0.0016785848420113325,1.6624820232391357,0.0009106723591685295
44,0,0.05061716213822365,-0.047911737114191055,1.7076982259750366,-0.0018668787088245153,1.6631152629852295,0.0009138259338214993
45,0,0.05070618912577629,-0.04802793636918068,1.708180546760559,-0.0018790991744026542,1.6637600660324097,0.0009104355121962726
46,0,0.050806500017642975,-0.0479142852127552,1.7086652517318726,-0.00198988220654428,1.664416790008545,0.0009061475284397602
47,0,0.050917886197566986,-0.048392441123723984,1.7091506719589233,-0.0020114989019930363,1.6650841236114502,0.0008988329791463912
48,0,0.05104079842567444,-0.04825419560074806,1.7096372842788696,-0.0021534215193241835,1.66576087474823,0.0008982725557871163
49,0,0.05117471516132355,-0.04815337434411049,1.7101256847381592,-0.0021509588696062565,1.6664472818374634,0.0008993962546810508
50,0,0.05131959170103073,-0.04821605980396271,1.7106151580810547,-0.0021438435651361942,1.6671425104141235,0.0008912907796911895
51,0,0.05147561430931091,-0.0482180155813694,1.7111042737960815,-0.0022165575064718723,1.6678463220596313,0.0008832159219309688
52,0,0.05164231359958649,-0.04863474518060684,1.7115908861160278,-0.0019988780841231346,1.6685583591461182,0.0008753848378546536
53,0,0.05182023346424103,-0.048370543867349625,1.712083101272583,-0.0024260166101157665,1.6692785024642944,0.0008661724277772009
54,0,0.052009135484695435,-0.04769240319728851,1.712568998336792,-0.0022117849439382553,1.67000412940979,0.0008899148087948561
55,0,0.052207108587026596,-0.04883185774087906,1.7130584716796875,-0.0018438283586874604,1.6707392930984497,0.000852922850754112
56,0,0.05241747200489044,-0.04803866520524025,1.7135424613952637,-0.0023919905070215464,1.671478509902954,0.0008738738251850009
57,0,0.052636660635471344,-0.0489962100982666,1.714027762413025,-0.0018121479079127312,1.672225832939148,0.0008486381848342717
58,0,0.052867405116558075,-0.047498609870672226,1.714511513710022,-0.002433407586067915,1.6729776859283447,0.0008622743771411479
59,0,0.053106680512428284,-0.04894433170557022,1.7149895429611206,-0.0016738995909690857,1.6737364530563354,0.0008462010882794857
60,0,0.05335673689842224,-0.048064593225717545,1.7154638767242432,-0.002118854783475399,1.6744996309280396,0.0008442116086371243
61,0,0.05361612141132355,-0.048374101519584656,1.7159308195114136,-0.0017944819992408156,1.6752680540084839,0.0008430749294348061
62,0,0.05388512462377548,-0.0471109114587307,1.7163909673690796,-0.002080931793898344,1.676042079925537,0.0008384276879951358
63,0,0.054163187742233276,-0.04710260033607483,1.7168383598327637,-0.0016721754800528288,1.6768189668655396,0.0008450161549262702
64,0,0.05444978177547455,-0.04733067750930786,1.7172839641571045,-0.0016458239406347275,1.677603006362915,0.0008195386617444456
65,0,0.05474655702710152,-0.04636591672897339,1.7177183628082275,-0.0019423399353399873,1.6783885955810547,0.0008445510175079107
66,0,0.05505058541893959,-0.04678856208920479,1.7181525230407715,-0.001575887086801231,1.6791800260543823,0.0008162227459251881
67,0,0.0553547739982605,-0.06302636861801147,1.7185391187667847,0.006801823619753122,1.6799554824829102,0.0006212139269337058
68,0,0.05567067116498947,-0.06519996374845505,1.718906283378601,0.001821683719754219,1.6807405948638916,0.000443589553469792
69,0,0.05599410831928253,-0.049855075776576996,1.7192254066467285,-0.010210655629634857,1.6814781427383423,0.0009948359802365303
70,0,0.0562870129942894,-0.029348425567150116,1.7195119857788086,-0.003645185614004731,1.6821908950805664,0.0011960349511355162
71,0,0.05655329301953316,-0.01742035523056984,1.7197930812835693,-0.0003948582452721894,1.6828721761703491,0.001038911985233426
72,0,0.05681310221552849,-0.03694554418325424,1.7200324535369873,0.006801016628742218,1.683558464050293,0.00068124127574265
73,0,0.05708148330450058,-0.050031282007694244,1.7202157974243164,0.0036125273909419775,1.6842409372329712,0.0005379890208132565
74,0,0.05735365301370621,-0.04402736946940422,1.7203301191329956,0.0013718302361667156,1.6849122047424316,0.0007596739451400936
75,0,0.05761411413550377,-0.031860508024692535,1.7203483581542969,0.0011235479032620788,1.6855710744857788,0.0010041898349300027
76,0,0.05785839259624481,-0.02651369385421276,1.7203444242477417,0.005557872820645571,1.6862049102783203,0.0010076923063024879
77,0,0.05809589847922325,-0.030171142891049385,1.7203494310379028,0.00817894283682108,1.6868191957473755,0.0008493703790009022
78,0,0.05833638459444046,-0.03598841279745102,1.7203725576400757,0.0070070065557956696,1.6874183416366577,0.0007576346979476511
79,0,0.058578215539455414,-0.038227859884500504,1.7204087972640991,0.00548213254660368,1.6880043745040894,0.0007925328682176769
80,0,0.05881461873650551,-0.037103816866874695,1.7204550504684448,0.005735425744205713,1.6885755062103271,0.0008515988592989743
81,0,0.05904302000999451,-0.0355575792491436,1.720511555671692,0.007065456826239824,1.6891305446624756,0.0008672034600749612
82,0,0.05926536023616791,-0.034933093935251236,1.7205780744552612,0.008012334816157818,1.6896698474884033,0.0008606299525126815
83,0,0.05948319658637047,-0.03572099283337593,1.7206565141677856,0.008578077889978886,1.690194845199585,0.0008337537292391062
84,0,0.05969751626253128,-0.03673868253827095,1.7207458019256592,0.008746898733079433,1.6907070875167847,0.0008247107616625726
85,0,0.05990774184465408,-0.03715623542666435,1.7208436727523804,0.008921663276851177,1.6912059783935547,0.0008321494678966701
86,0,0.06011287122964859,-0.03709021210670471,1.720947027206421,0.009414677508175373,1.6916916370391846,0.0008435647469013929
87,0,0.06031239032745361,-0.03741147369146347,1.7210571765899658,0.010199367068707943,1.6921638250350952,0.0008243320626206696
88,0,0.06050918251276016,-0.03749185428023338,1.7211880683898926,0.010875964537262917,1.692625641822815,0.0008286147494800389
89,0,0.06070650368928909,-0.03787732496857643,1.7212947607040405,0.010859627276659012,1.6931233406066895,0.0007948907441459596
90,0,0.06090785562992096,-0.03762856125831604,1.7213988304138184,0.00997850764542818,1.6936358213424683,0.0008172272937372327
91,0,0.061109431087970734,-0.037001218646764755,1.721498966217041,0.010190987959504128,1.694149374961853,0.0008272049017250538
92,0,0.06131009757518768,-0.036657534539699554,1.721596360206604,0.01053788885474205,1.6946580410003662,0.0008288086391985416
93,0,0.061509739607572556,-0.036446742713451385,1.7216901779174805,0.010782108642160892,1.6951590776443481,0.0008295802981592715
94,0,0.0617077499628067,-0.036651719361543655,1.7217804193496704,0.011225123889744282,1.6956515312194824,0.0008171360241249204
95,0,0.06190413981676102,-0.03690822049975395,1.7218681573867798,0.01143481582403183,1.6961349248886108,0.0008141727303154767
96,0,0.06209845468401909,-0.03694957494735718,1.7219517230987549,0.011586632579565048,1.6966087818145752,0.0008154514944180846
97,0,0.062289949506521225,-0.03688296303153038,1.7220330238342285,0.01178030576556921,1.6970720291137695,0.0008211142849177122
98,0,0.062478359788656235,-0.036364540457725525,1.7221101522445679,0.012010435573756695,1.6975244283676147,0.0008309786207973957
99,0,0.06266314536333084,-0.036133572459220886,1.7221845388412476,0.012506304308772087,1.6979656219482422,0.0008311969577334821
100,0,0.06284462660551071,-0.03623408079147339,1.7222577333450317,0.01295085996389389,1.698397159576416,0.0008135631214827299
101,0,0.06302253156900406,-0.03717701509594917,1.7223293781280518,0.014597661793231964,1.6988298892974854,0.0007702624425292015
102,0,0.06320392340421677,-0.0378093458712101,1.7224100828170776,0.013157007284462452,1.6992647647857666,0.0007779066218063235
103,0,0.06338635087013245,-0.03775791451334953,1.7225085496902466,0.013061588630080223,1.6996986865997314,0.0008009407320059836
104,0,0.06357118487358093,-0.037302009761333466,1.7225903272628784,0.013180047273635864,1.700167179107666,0.0007974337786436081
105,0,0.0637609213590622,-0.03701464831829071,1.722670078277588,0.012736352160573006,1.7006514072418213,0.0007998532382771373
106,0,0.0639537125825882,-0.036633722484111786,1.7227486371994019,0.012653945945203304,1.7011398077011108,0.0007976026390679181
107,0,0.06414876133203506,-0.03641727566719055,1.7228261232376099,0.012711555697023869,1.7016273736953735,0.0008019710658118129
108,0,0.06434548646211624,-0.036444809287786484,1.7229028940200806,0.012836127541959286,1.7021112442016602,0.0008010221645236015
109,0,0.06454359740018845,-0.036510273814201355,1.72298002243042,0.0128626162186265,1.7025909423828125,0.0007965730619616807
110,0,0.06474261730909348,-0.03659084066748619,1.7230565547943115,0.012914245948195457,1.7030656337738037,0.0007933989400044084
111,0,0.06494192034006119,-0.0365326814353466,1.7231333255767822,0.012982516549527645,1.7035342454910278,0.0008006668067537248
112,0,0.06514106690883636,-0.03655117377638817,1.7232106924057007,0.013135828077793121,1.7039964199066162,0.0007993411272764206
113,0,0.06533963233232498,-0.03645113483071327,1.7232885360717773,0.013376281596720219,1.704451322555542,0.00079436379019171
114,0,0.06553752720355988,-0.03642386943101883,1.7233672142028809,0.01349920779466629,1.7048985958099365,0.0007983163231983781
115,0,0.06573445349931717,-0.03661297634243965,1.723446249961853,0.013672223314642906,1.7053390741348267,0.0007907245890237391
116,0,0.06593022495508194,-0.03645678237080574,1.7235256433486938,0.013797792606055737,1.705771803855896,0.0007986357086338103
117,0,0.06612436473369598,-0.03620423004031181,1.7236056327819824,0.01396862417459488,1.706196904182434,0.0008033487829379737
118,0,0.06631672382354736,-0.03621077165007591,1.723686695098877,0.014250949956476688,1.7066140174865723,0.0008029969758354127
119,0,0.06650424003601074,-0.04264990985393524,1.7237776517868042,0.017259642481803894,1.707047462463379,0.0006214776658453047
120,0,0.06670758873224258,-0.04195309057831764,1.723844051361084,0.012311059050261974,1.707516074180603,0.0007158000371418893
121,0,0.06691336631774902,-0.03664118051528931,1.723899483680725,0.011877957731485367,1.707998275756836,0.000853120640385896
122,0,0.0671158954501152,-0.03347567468881607,1.7239501476287842,0.014052215963602066,1.7084834575653076,0.0008640401065349579
123,0,0.0673203095793724,-0.034026049077510834,1.723999261856079,0.014956517145037651,1.7089687585830688,0.0007936838665045798
124,0,0.06753119081258774,-0.03581696003675461,1.7240465879440308,0.014026496559381485,1.7094547748565674,0.0007608630694448948
125,0,0.0677490159869194,-0.03458401933312416,1.7240937948226929,0.011795052327215672,1.7099416255950928,0.0008245669305324554
126,0,0.06796819716691971,-0.03430553153157234,1.724134087562561,0.012876110151410103,1.7104276418685913,0.0008338676416315138
127,0,0.06818993389606476,-0.03537299111485481,1.7241735458374023,0.013573807664215565,1.710915207862854,0.0007810856914147735
128,0,0.06841728091239929,-0.0367765910923481,1.7242097854614258,0.012872088700532913,1.711403489112854,0.0007606596336700022
129,0,0.0686488226056099,-0.03678929805755615,1.724239468574524,0.012169365771114826,1.7118914127349854,0.0007781619788147509
130,0,0.06888215243816376,-0.03595856577157974,1.7242615222930908,0.012126496993005276,1.7123775482177734,0.0007970115402713418
131,0,0.06911619007587433,-0.035217322409152985,1.724275827407837,0.012391851283609867,1.7128608226776123,0.0008011526660993695
132,0,0.06935123354196548,-0.035054899752140045,1.7242828607559204,0.012578452937304974,1.713341474533081,0.0007944172830320895
133,0,0.06958768516778946,-0.03498101606965065,1.7242833375930786,0.012455795891582966,1.7138190269470215,0.0007920110365375876
134,0,0.06982512027025223,-0.03510487079620361,1.7242770195007324,0.01242111250758171,1.7142932415008545,0.0007925691897980869
135,0,0.07006287574768066,-0.035084571689367294,1.7242629528045654,0.012448111549019814,1.714763879776001,0.0007900841883383691
136,0,0.0703006386756897,-0.03500240296125412,1.7242428064346313,0.012487425468862057,1.7152307033538818,0.0007890826091170311
137,0,0.07054004073143005,-0.03406533971428871,1.7242422103881836,0.014713754877448082,1.715688705444336,0.0008057062514126301
138,0,0.07077905535697937,-0.035058632493019104,1.7242270708084106,0.01378278061747551,1.7161699533462524,0.0007647393504157662
139,0,0.07102144509553909,-0.03593522682785988,1.7242331504821777,0.012653481215238571,1.716658592224121,0.0007793829427100718
140,0,0.0712631344795227,-0.036138057708740234,1.7242560386657715,0.012609660625457764,1.7171497344970703,0.0007903521182015538
141,0,0.07150296866893768,-0.03595605120062828,1.724291443824768,0.012897919863462448,1.7176400423049927,0.0007968927384354174
142,0,0.07174088060855865,-0.03595323860645294,1.7243359088897705,0.013173163868486881,1.7181282043457031,0.0007950870785862207
143,0,0.07197710126638412,-0.03608759865164757,1.724387288093567,0.013374999165534973,1.718613862991333,0.0007926786202006042
144,0,0.07221156358718872,-0.03658030927181244,1.724443793296814,0.013595632277429104,1.7190967798233032,0.0007768258219584823
145,0,0.07244454324245453,-0.03666931763291359,1.7245045900344849,0.013516450300812721,1.7195765972137451,0.0007842718623578548
146,0,0.07267525047063828,-0.03625081107020378,1.72456693649292,0.01362081803381443,1.7200528383255005,0.0007928392733447254
147,0,0.07290320843458176,-0.035842765122652054,1.7246298789978027,0.013939608819782734,1.7205249071121216,0.0007984759868122637
148,0,0.07312843948602676,-0.035818591713905334,1.7246946096420288,0.014274138025939465,1.7209925651550293,0.0007966472767293453
149,0,0.07335121184587479,-0.03625526651740074,1.7247596979141235,0.014613581821322441,1.721455693244934,0.0007864183862693608
150,0,0.07357186824083328,-0.036677487194538116,1.7248263359069824,0.014754882082343102,1.7219151258468628,0.0007780856103636324
151,0,0.07379046827554703,-0.03673766925930977,1.7248930931091309,0.014716957695782185,1.722370982170105,0.0007849868852645159
152,0,0.07400628924369812,-0.03638322278857231,1.7249600887298584,0.014950689859688282,1.7228221893310547,0.0007923272787593305
153,0,0.07421905547380447,-0.03610679879784584,1.7250267267227173,0.015283842571079731,1.7232692241668701,0.0007961783558130264
154,0,0.07442907243967056,-0.0361383855342865,1.725092887878418,0.015571326948702335,1.7237112522125244,0.0007872963324189186
155,0,0.07463660836219788,-0.0362916961312294,1.7251592874526978,0.015730787068605423,1.724149465560913,0.00078460609074682
156,0,0.07484171539545059,-0.036687593907117844,1.725225806236267,0.015940479934215546,1.7245835065841675,0.0007812014082446694
157,0,0.07504426687955856,-0.03675462678074837,1.725292444229126,0.016116855666041374,1.7250133752822876,0.0007780144223943353
158,0,0.07524415850639343,-0.03673330321907997,1.7253587245941162,0.016294926404953003,1.725439190864563,0.0007797200232744217
159,0,0.07544130831956863,-0.036582738161087036,1.7254257202148438,0.016507107764482498,1.725860834121704,0.000782101065851748
160,0,0.07563582807779312,-0.03639424219727516,1.72549307346344,0.016673190519213676,1.7262777090072632,0.0007826150977052748
161,0,0.07583417743444443,-0.03629491105675697,1.7255637645721436,0.014513691887259483,1.726693034172058,0.0008119430858641863
162,0,0.07603252679109573,-0.03561478108167648,1.7256323099136353,0.01631093956530094,1.7271181344985962,0.0008053323836065829
163,0,0.0762343779206276,-0.03568636626005173,1.725698709487915,0.016561800613999367,1.7275489568710327,0.0007767787901684642
164,0,0.07644158601760864,-0.03615128621459007,1.7257635593414307,0.016014723107218742,1.7279852628707886,0.0007699845591560006
165,0,0.0766526460647583,-0.03662580996751785,1.7258275747299194,0.01574147492647171,1.7284265756607056,0.000770980550441891
166,0,0.07686633616685867,-0.03680313006043434,1.7258918285369873,0.015584636479616165,1.7288711071014404,0.000768902013078332
167,0,0.0770818218588829,-0.03631821274757385,1.7259559631347656,0.01547142956405878,1.7293174266815186,0.0007767194183543324
168,0,0.07729841768741608,-0.03601852431893349,1.7260199785232544,0.01551175769418478,1.729764699935913,0.0007824751082807779
169,0,0.07751570641994476,-0.03611240163445473,1.7260850667953491,0.015615849755704403,1.7302125692367554,0.0007768238428980112
170,0,0.07773356139659882,-0.0361698716878891,1.7261512279510498,0.01560007594525814,1.7306602001190186,0.0007713751983828843
171,0,0.07795168459415436,-0.036224108189344406,1.7262182235717773,0.015597203746438026,1.731107473373413,0.0007716654217801988
172,0,0.07816945016384125,-0.036485977470874786,1.726285457611084,0.01572474278509617,1.7315536737442017,0.0007709123892709613
173,0,0.07838661223649979,-0.03674120455980301,1.7263542413711548,0.0158427432179451,1.731998324394226,0.0007669508922845125
174,0,0.0786031112074852,-0.036687493324279785,1.7264236211776733,0.015822451561689377,1.7324408292770386,0.0007675895467400551
175,0,0.0788184404373169,-0.03633422404527664,1.7264931201934814,0.015939977020025253,1.732881784439087,0.0007770776282995939
176,0,0.07903219759464264,-0.036174774169921875,1.7265617847442627,0.0161296334117651,1.733319878578186,0.0007735122926533222
177,0,0.07924447953701019,-0.03623248264193535,1.7266298532485962,0.016326040029525757,1.7337548732757568,0.0007722541340626776
178,0,0.0794551894068718,-0.03648516908288002,1.726698398590088,0.01651087775826454,1.734187126159668,0.0007657990790903568
179,0,0.07966438680887222,-0.03655942529439926,1.7267671823501587,0.016555888578295708,1.7346165180206299,0.0007612931658513844
180,0,0.07987197488546371,-0.0363529697060585,1.7268354892730713,0.016608892008662224,1.7350424528121948,0.0007739771972410381
181,0,0.08007720857858658,-0.03626956790685654,1.7269034385681152,0.016894031316041946,1.7354650497436523,0.000768505095038563
182,0,0.08028045296669006,-0.03645598143339157,1.7269715070724487,0.017043668776750565,1.7358845472335815,0.0007660231785848737
183,0,0.08048438280820847,-0.03592313081026077,1.7270479202270508,0.019402191042900085,1.736296534538269,0.0007683071307837963
184,0,0.08069220185279846,-0.036623530089855194,1.7271112203598022,0.017799148336052895,1.7367238998413086,0.0007094073225744069
185,0,0.08090874552726746,-0.0372529998421669,1.7271748781204224,0.015836145728826523,1.7371574640274048,0.0007359156152233481
186,0,0.0811280608177185,-0.036606062203645706,1.7272396087646484,0.01578821800649166,1.7375965118408203,0.0007580659002996981
187,0,0.08134890347719193,-0.036235589534044266,1.727305293083191,0.016084082424640656,1.738039255142212,0.0007580426172353327
188,0,0.08157193660736084,-0.036194197833538055,1.7273709774017334,0.016136500984430313,1.7384843826293945,0.000752359046600759
189,0,0.0817975103855133,-0.03655190393328667,1.7274370193481445,0.015880964696407318,1.7389322519302368,0.0007407473167404532
190,0,0.0820251926779747,-0.036506179720163345,1.7275031805038452,0.015668794512748718,1.7393817901611328,0.0007438657339662313
191,0,0.08225412666797638,-0.036564651876688004,1.7275688648223877,0.015651321038603783,1.739832878112793,0.0007467978284694254
192,0,0.0824841558933258,-0.03636102005839348,1.727634310722351,0.015645235776901245,1.74028480052948,0.0007462803041562438
193,0,0.08271510154008865,-0.03628944978117943,1.7276995182037354,0.01563752256333828,1.7407371997833252,0.0007489426643587649
194,0,0.0829467624425888,-0.036346685141325,1.7277648448944092,0.01566937565803528,1.7411898374557495,0.0007498097256757319
195,0,0.0831790417432785,-0.03647235780954361,1.7278296947479248,0.01572013646364212,1.7416424751281738,0.0007439035107381642
196,0,0.08341199159622192,-0.0364282988011837,1.72789466381073,0.01563212275505066,1.7420949935913086,0.000740564544685185
197,0,0.08364542573690414,-0.03615201637148857,1.7279599905014038,0.015513685531914234,1.7425472736358643,0.0007466487004421651
198,0,0.08387881517410278,-0.0360419861972332,1.7280250787734985,0.01565510965883732,1.7429991960525513,0.0007464413065463305
199,0,0.08411210775375366,-0.03633194789290428,1.7280893325805664,0.01579066552221775,1.7434509992599487,0.0007390520186163485
200,0,0.08434560149908066,-0.03660499304533005,1.728154182434082,0.015753669664263725,1.7439026832580566,0.0007344780606217682
201,0,0.08457936346530914,-0.036427050828933716,1.7282177209854126,0.01562349870800972,1.7443530559539795,0.0007455457234755158
202,0,0.08481259644031525,-0.03627317398786545,1.728280782699585,0.015806471928954124,1.744802713394165,0.0007431063568219543
203,0,0.08504559099674225,-0.0361863374710083,1.7283438444137573,0.015888001769781113,1.7452514171600342,0.0007417881861329079
204,0,0.08527837693691254,-0.03633218631148338,1.7284066677093506,0.01589084230363369,1.745699405670166,0.0007380160968750715
205,0,0.08551113307476044,-0.036272138357162476,1.7284703254699707,0.015837473794817924,1.7461459636688232,0.0007414764841087162
206,0,0.08574339002370834,-0.03602559119462967,1.7285336256027222,0.015902748331427574,1.7465914487838745,0.000744753226172179
207,0,0.08597508817911148,-0.035974256694316864,1.728596806526184,0.015990469604730606,1.7470358610153198,0.0007422573980875313
208,0,0.08620643615722656,-0.03622942045331001,1.7286618947982788,0.016125716269016266,1.7474790811538696,0.0007395464926958084
209,0,0.08643757551908493,-0.03636210411787033,1.7287269830703735,0.016113156452775,1.7479214668273926,0.0007386265206150711
210,0,0.08666841685771942,-0.03626997023820877,1.7287918329238892,0.016037916764616966,1.74836266040802,0.0007384004420600832
211,0,0.08689866214990616,-0.03622466325759888,1.7288566827774048,0.01611528918147087,1.7488030195236206,0.0007354802801273763
212,0,0.08712832629680634,-0.03615153580904007,1.7289215326309204,0.016160057857632637,1.7492419481277466,0.0007439017645083368
213,0,0.08735733479261398,-0.036179110407829285,1.7289868593215942,0.016260609030723572,1.749679446220398,0.0007381416507996619
214,0,0.08758581429719925,-0.03635034337639809,1.729053258895874,0.01634441502392292,1.7501157522201538,0.0007320194854401052
215,0,0.08781389892101288,-0.036302804946899414,1.729120135307312,0.016264181584119797,1.7505512237548828,0.0007343829493038356
216,0,0.08804144710302353,-0.03609044849872589,1.7291861772537231,0.016278348863124847,1.750985026359558,0.0007404055795632303
217,0,0.08826810121536255,-0.03605092316865921,1.7292526960372925,0.016434047371149063,1.751417875289917,0.0007389919483102858
218,0,0.08849868178367615,-0.03632796183228493,1.7293249368667603,0.014403644017875195,1.7518494129180908,0.0007652121130377054
219,0,0.08872731775045395,-0.03565951809287071,1.7293986082077026,0.016197150573134422,1.7522879838943481,0.0007639691466465592
220,0,0.08895730972290039,-0.03560444712638855,1.7294731140136719,0.01651899144053459,1.7527297735214233,0.0007384488126263022
221,0,0.08919067680835724,-0.03619977459311485,1.7295476198196411,0.016064224764704704,1.7531741857528687,0.0007353723631240427
222,0,0.08942603319883347,-0.03652765601873398,1.7296241521835327,0.015936166048049927,1.7536205053329468,0.0007306411280296743
223,0,0.08966243267059326,-0.036510493606328964,1.7297015190124512,0.015873104333877563,1.7540687322616577,0.0007343197357840836
224,0,0.08989924937486649,-0.036375753581523895,1.7297782897949219,0.015877317637205124,1.7545177936553955,0.0007409983081743121
225,0,0.09013613313436508,-0.03620569780468941,1.7298551797866821,0.015866437926888466,1.7549662590026855,0.0007386978249996901
226,0,0.09037256240844727,-0.0362776480615139,1.7299330234527588,0.016024760901927948,1.7554129362106323,0.0007384027703665197
227,0,0.09060850739479065,-0.03650711849331856,1.7300114631652832,0.016083020716905594,1.7558584213256836,0.0007325524929910898
228,0,0.0908438116312027,-0.036563895642757416,1.730090856552124,0.016079826280474663,1.756302833557129,0.0007341458112932742
229,0,0.0910780131816864,-0.03634931892156601,1.7301691770553589,0.016179392114281654,1.7567447423934937,0.0007378314039669931
230,0,0.0913107618689537,-0.036584705114364624,1.7302480936050415,0.016412420198321342,1.757184386253357,0.0007292838417924941
231,0,0.09154226630926132,-0.036564793437719345,1.7303277254104614,0.01637764647603035,1.7576218843460083,0.0007244551670737565
232,0,0.09177233278751373,-0.03629830479621887,1.7304072380065918,0.016377100721001625,1.758056402206421,0.0007375459535978734
233,0,0.09200283139944077,-0.035899411886930466,1.7304928302764893,0.01859970949590206,1.7584844827651978,0.0007564122206531465
234,0,0.09223607927560806,-0.036586154252290726,1.7305691242218018,0.01717212423682213,1.758926510810852,0.000688068859744817
235,0,0.09247659891843796,-0.036970894783735275,1.730644702911377,0.015382945537567139,1.7593728303909302,0.0007160425884649158
236,0,0.09271815419197083,-0.03657238557934761,1.7307207584381104,0.015550026670098305,1.7598228454589844,0.0007401001057587564
237,0,0.0929596871137619,-0.036019615828990936,1.7307969331741333,0.01581176556646824,1.760274052619934,0.0007359684677794576
238,0,0.09320199489593506,-0.03599568456411362,1.7308735847473145,0.01578408107161522,1.7607252597808838,0.0007293581147678196
239,0,0.09344485402107239,-0.03627591207623482,1.730951189994812,0.015802107751369476,1.7611767053604126,0.0007270205533131957
240,0,0.09368786215782166,-0.036397017538547516,1.731029987335205,0.015787912532687187,1.7616275548934937,0.0007238766411319375
241,0,0.0939306691288948,-0.03642778843641281,1.73110830783844,0.015806371346116066,1.7620774507522583,0.0007241955609060824
242,0,0.09417274594306946,-0.036438822746276855,1.7311872243881226,0.015820996835827827,1.762526273727417,0.0007260519196279347
243,0,0.09441378712654114,-0.03635455667972565,1.7312651872634888,0.015976250171661377,1.7629730701446533,0.000723759934771806
244,0,0.09465359151363373,-0.0363784059882164,1.7313436269760132,0.016040150076150894,1.7634179592132568,0.0007238115649670362
245,0,0.09489203989505768,-0.03638826683163643,1.7314213514328003,0.01612093113362789,1.7638602256774902,0.000724942481610924
246,0,0.09512888640165329,-0.03620997071266174,1.731499195098877,0.01619301177561283,1.7642996311187744,0.0007251437637023628
247,0,0.09536854177713394,-0.036488935351371765,1.7315797805786133,0.01449946966022253,1.7647368907928467,0.000752192223444581
248,0,0.09560646116733551,-0.035942576825618744,1.731661319732666,0.016155119985342026,1.7651790380477905,0.0007420370238833129
249,0,0.09584590792655945,-0.035942383110523224,1.7317436933517456,0.01629784144461155,1.7656241655349731,0.0007257454562932253
250,0,0.09608826786279678,-0.03624609112739563,1.7318259477615356,0.015899166464805603,1.7660712003707886,0.0007234903168864548
251,0,0.09633229672908783,-0.03661113604903221,1.7319096326828003,0.01577385887503624,1.766520380973816,0.0007192661287263036
252,0,0.09657709300518036,-0.0364939346909523,1.731993556022644,0.015795940533280373,1.766970157623291,0.0007199716055765748
253,0,0.09682226181030273,-0.036463283002376556,1.7320772409439087,0.015750085934996605,1.7674202919006348,0.0007212352356873453
254,0,-0.1417952924966812,3.2840491712704534e-06,1.7092337608337402,-0.0001240102865267545,1.6105072498321533,-1.3417813534033485e-05
255,0,0.0013427158119156957,-0.12390248477458954,1.7784123420715332,0.14971451461315155,1.573108196258545,0.0005807256675325334
256,0,0.00131086481269449,0.05612733215093613,1.7798519134521484,0.1363321989774704,1.5757882595062256,0.0005511773633770645
257,0,0.0011150500504299998,-0.06240754947066307,1.7802894115447998,-0.08441241830587387,1.5771831274032593,0.002403907012194395
258,0,0.0007284125895239413,0.10580983012914658,1.7803921699523926,-0.11712026596069336,1.5774831771850586,0.0006368102040141821
259,0,0.00010515392204979435,0.05477231740951538,1.7803268432617188,0.04042252153158188,1.5770386457443237,-0.0026630419306457043
260,0,-0.0001541050587547943,-0.0016847888473421335,1.779523253440857,0.07290682941675186,1.5762240886688232,0.0009030291112139821
261,0,-0.00044315701234154403,0.09786095470190048,1.7785718441009521,0.009683632291853428,1.5757269859313965,-0.00013673389912582934
262,0,-0.0006941757164895535,0.045222241431474686,1.7778372764587402,0.07321815937757492,1.5749794244766235,0.0009858162375167012
263,0,-0.0009880573488771915,0.12926296889781952,1.7769520282745361,0.051239531487226486,1.574357509613037,-8.316557796206325e-05
264,0,-0.0012273555621504784,0.17739762365818024,1.7764530181884766,0.03300528973340988,1.5735379457473755,0.0007158058579079807
265,0,-0.001556073548272252,0.18607613444328308,1.7759181261062622,0.06357607990503311,1.5726690292358398,0.0005394844920374453
266,0,-0.0019158117938786745,0.084042988717556,1.775407075881958,0.10206393897533417,1.5715854167938232,0.0003106005606241524
267,0,-0.0023587255273014307,0.10885944962501526,1.7747864723205566,0.06920754164457321,1.5705879926681519,-0.0001786461943993345
268,0,-0.0027780390810221434,0.13642549514770508,1.7743293046951294,0.048009417951107025,1.5694235563278198,0.0007069830317050219
269,0,-0.0033095444086939096,0.14203545451164246,1.7738319635391235,0.08128099888563156,1.5682848691940308,0.0007312383386306465
270,0,-0.0038803115021437407,-0.018330957740545273,1.773403286933899,0.09102898091077805,1.5670559406280518,0.0008572569349780679
271,0,-0.004547640215605497,0.020529963076114655,1.7728649377822876,0.06804423779249191,1.5658349990844727,0.0005373986787162721
272,0,-0.0052396212704479694,-0.022556375712156296,1.7725212574005127,0.07674306631088257,1.5645111799240112,0.0008036408689804375
273,0,-0.005980615504086018,0.027412595227360725,1.772276520729065,0.08457864075899124,1.5632127523422241,0.00046756339725106955
274,0,-0.006693890318274498,0.0755101889371872,1.7720947265625,0.07363422960042953,1.5619213581085205,0.0004999064840376377
275,0,-0.0073884837329387665,0.09606731683015823,1.771934986114502,0.07755527645349503,1.5606223344802856,0.0006712364265695214
276,0,-0.008066689595580101,0.08374644815921783,1.7717221975326538,0.06985221058130264,1.559341311454773,0.0009713494218885899
277,0,-0.008735579438507557,0.10401391983032227,1.7714927196502686,0.0779612585902214,1.5581026077270508,0.0006993196438997984
278,0,-0.009331815876066685,0.12708495557308197,1.7711987495422363,0.06552928686141968,1.5568816661834717,0.000764658150728792
279,0,-0.009875394403934479,0.13437950611114502,1.7709343433380127,0.06455826014280319,1.5557401180267334,0.0007523127133026719
280,0,-0.010345470160245895,0.09700711071491241,1.770624041557312,0.06914088129997253,1.5546493530273438,0.0006739022792316973
281,0,-0.010683138854801655,-0.06453762203454971,1.7701051235198975,0.0546749010682106,1.5539355278015137,0.0005891540786251426
282,0,-0.01072227768599987,-0.010156254284083843,1.7695673704147339,0.02869226410984993,1.5537760257720947,0.0005254576681181788
283,0,-0.01051379181444645,-0.02390805445611477,1.7691607475280762,0.010774198919534683,1.5540235042572021,0.000710789579898119
284,0,-0.010101414285600185,-0.039631739258766174,1.768918514251709,0.010598059743642807,1.554740309715271,0.000892220123205334
285,0,-0.009512096643447876,-0.03809818625450134,1.7688031196594238,0.005708849523216486,1.5556399822235107,0.0018421087879687548
286,0,-0.008773845620453358,-0.03668684512376785,1.7687885761260986,0.00797272939234972,1.5566781759262085,0.0017216410487890244
287,0,-0.007889465428888798,-0.04472170025110245,1.7688376903533936,0.0037293550558388233,1.5580462217330933,0.0006037398707121611
288,0,-0.006850493606179953,-0.04621974751353264,1.7689213752746582,-0.017468485981225967,1.5596271753311157,0.0006426643813028932
289,0,-0.0057111685164272785,-0.03738967329263687,1.769053339958191,-0.027658652514219284,1.5612891912460327,0.0007693027146160603
290,0,-0.00451500853523612,-0.03181096538901329,1.7692320346832275,-0.023359354585409164,1.5629217624664307,0.0010068545816466212
291,0,-0.0033019795082509518,-0.04010714218020439,1.769416332244873,-0.014278548769652843,1.564496397972107,0.000878513790667057
292,0,-0.0020731049589812756,-0.04874978959560394,1.7695804834365845,-0.012133998796343803,1.566026210784912,0.0007211900665424764
293,0,-0.0008430722518824041,-0.0384407564997673,1.7697060108184814,-0.011899985373020172,1.567586064338684,0.000698980176821351
294,0,0.00036196864675730467,-0.036916837096214294,1.7697721719741821,-0.012366232462227345,1.5691224336624146,0.0004988107830286026
295,0,0.0015293279429897666,-0.038189176470041275,1.769838571548462,-0.0026741777546703815,1.5704275369644165,0.0007340713054873049
296,0,0.0026293860282748938,-0.033773597329854965,1.7698580026626587,0.007654612418264151,1.5716503858566284,0.0015777500811964273
297,0,0.0036780009977519512,-0.04071374237537384,1.76984441280365,0.013087954372167587,1.5728068351745605,0.001434085424989462
298,0,0.004651078954339027,-0.03300315886735916,1.7697885036468506,0.01756475679576397,1.5738836526870728,0.0014913608320057392
299,0,0.0055305203422904015,-0.044428445398807526,1.7697181701660156,0.026771657168865204,1.5748144388198853,0.0007711736834608018
300,0,0.006311899051070213,-0.03463572636246681,1.769642949104309,0.026499086990952492,1.5756182670593262,0.0004928179550915956
301,0,0.0069834697060287,-0.04009310528635979,1.7696150541305542,0.01751803420484066,1.576219081878662,0.00045176816638559103
302,0,0.007522025145590305,-0.03144067898392677,1.7696315050125122,0.020094480365514755,1.5766512155532837,0.0005529056070372462
303,0,0.007928408682346344,-0.037470169365406036,1.7696624994277954,0.03692882880568504,1.576894760131836,0.0010703369043767452
304,0,0.008215507492423058,-0.05335386469960213,1.7697323560714722,0.0652918741106987,1.5770031213760376,0.0014580077258870006
305,0,0.008416051976382732,-0.02637476846575737,1.7697606086730957,0.05846717208623886,1.5771037340164185,0.0002411120367469266
306,0,0.008584887720644474,-0.03269851580262184,1.7698161602020264,0.03396780043840408,1.5770550966262817,0.0004427348030731082
307,0,0.00865286123007536,-0.040927205234766006,1.769864559173584,0.043086905032396317,1.5768609046936035,0.0006745590944774449
308,0,0.008608577772974968,-0.029424093663692474,1.7699445486068726,0.05777021497488022,1.5765814781188965,0.001555620227009058
309,0,0.00848364643752575,-0.05249978229403496,1.7700222730636597,0.08008283376693726,1.5762673616409302,0.0015864174347370863
310,0,0.008310101926326752,-0.04072447866201401,1.7700601816177368,0.08285434544086456,1.5759583711624146,0.0004710378125309944
311,0,0.008135288022458553,-0.03069165162742138,1.7700977325439453,0.06084608659148216,1.5756486654281616,0.00028574184398166835
312,0,0.00793201383203268,-0.027403835207223892,1.770077109336853,0.04427241533994675,1.5753226280212402,0.0006669983267784119
313,0,0.007656929083168507,-0.03724756836891174,1.7700865268707275,0.06724493950605392,1.5747789144515991,0.0012601774651557207
314,0,0.007312556728720665,-0.03424571827054024,1.770100712776184,0.0809522494673729,1.574110507965088,0.0015529801603406668
315,0,0.006961311679333448,-0.04021886736154556,1.770112156867981,0.0855112224817276,1.57341468334198,0.0015651141293346882
316,0,0.006607028655707836,-0.03894108533859253,1.770104169845581,0.08614011853933334,1.572752833366394,0.0006010704091750085
317,0,0.006279624067246914,-0.03563806787133217,1.7700819969177246,0.06674201041460037,1.5721474885940552,0.00041044646059162915
318,0,0.005956539884209633,-0.03752122446894646,1.7700531482696533,0.062276892364025116,1.5715821981430054,0.000571626122109592
319,0,0.005619174800813198,-0.03553096577525139,1.7700444459915161,0.07234827429056168,1.571031093597412,0.0005902789416722953
320,0,0.005298453848809004,-0.03654829412698746,1.770055890083313,0.0726502314209938,1.5705231428146362,0.0014105418231338263
321,0,0.00500832311809063,-0.039965175092220306,1.7700679302215576,0.07668724656105042,1.5700762271881104,0.001516083488240838
322,0,0.004757803864777088,-0.036027126014232635,1.7700682878494263,0.07504097372293472,1.5697027444839478,0.0014676869614049792
323,0,0.0045566316694021225,-0.03810185194015503,1.7700417041778564,0.06847862154245377,1.5694118738174438,0.0005137352272868156
324,0,0.004417946562170982,-0.03639423847198486,1.770015001296997,0.04932725802063942,1.5691410303115845,0.0003928222577087581
325,0,0.004302925895899534,-0.034945473074913025,1.7699946165084839,0.04301334545016289,1.568899393081665,0.0005772064905613661
326,0,0.004200405441224575,-0.038963839411735535,1.770002841949463,0.059320446103811264,1.5686795711517334,0.0009537130827084184
327,0,0.0041226292960345745,-0.037057988345623016,1.7700321674346924,0.0626177042722702,1.5685312747955322,0.0014969292096793652
328,0,0.004088619723916054,-0.037787847220897675,1.7700566053390503,0.05724671110510826,1.5684553384780884,0.0004788842052221298
329,0,0.004116896539926529,-0.03864522650837898,1.7700738906860352,0.04006262496113777,1.5684044361114502,0.0004826150252483785
330,0,0.004160085693001747,-0.03742259740829468,1.7700859308242798,0.041075676679611206,1.5683627128601074,0.00048652521218173206
331,0,0.004204928409308195,-0.03665546327829361,1.7700965404510498,0.04725710302591324,1.5683163404464722,0.00039124919567257166
332,0,0.004260326735675335,-0.03776903450489044,1.7701244354248047,0.040736615657806396,1.5683025121688843,0.000243727772613056
333,0,0.00433269003406167,-0.039274949580430984,1.770160436630249,0.03798956796526909,1.5683130025863647,0.00046214114991016686
334,0,0.004393883049488068,-0.03739145025610924,1.7702088356018066,0.03908025473356247,1.5683119297027588,0.0004492184380069375
335,0,0.004449482541531324,-0.04021143168210983,1.7702751159667969,0.042126525193452835,1.5683039426803589,0.0004489690763875842
336,0,0.0044985064305365086,-0.03805318847298622,1.770342469215393,0.040109213441610336,1.5682812929153442,0.00040104801882989705
337,0,0.004542848560959101,-0.03987906500697136,1.7704224586486816,0.042127761989831924,1.5682446956634521,0.00044833606807515025
338,0,0.004579454660415649,-0.037180591374635696,1.7704819440841675,0.039553847163915634,1.568228840827942,0.0004670785565394908
339,0,0.004602851811796427,-0.03684183582663536,1.7705479860305786,0.03840252384543419,1.5681473016738892,0.0005766068352386355
340,0,0.004614036530256271,-0.035893820226192474,1.770594596862793,0.04622616246342659,1.5680193901062012,0.0014359152410179377
341,0,0.004607294220477343,-0.03607488423585892,1.7706199884414673,0.057027723640203476,1.5679031610488892,0.0014867528807371855
342,0,0.004612085875123739,-0.04112844541668892,1.7706034183502197,0.06031864136457443,1.5678366422653198,0.0006633838638663292
343,0,0.0046559846960008144,-0.03450816869735718,1.7705470323562622,0.052601408213377,1.5677549839019775,0.001224619336426258
344,0,0.004706403706222773,-0.0385303720831871,1.7704628705978394,0.057832784950733185,1.567708969116211,0.0014710762770846486
345,0,0.00476587051525712,-0.03761637583374977,1.7703557014465332,0.06081823259592056,1.567694067955017,0.001341831055469811
346,0,0.0048489258624613285,-0.03257323056459427,1.770214557647705,0.05591440573334694,1.567741870880127,0.0013546512927860022
347,0,0.004945577122271061,-0.033876560628414154,1.7700634002685547,0.05176902934908867,1.5677690505981445,0.001428528456017375
348,0,0.005030033644288778,-0.03293343633413315,1.7698994874954224,0.05215552821755409,1.5678080320358276,0.0005744584486819804
349,0,0.005115909036248922,-0.03396744653582573,1.769757628440857,0.04503323882818222,1.5677930116653442,0.000523732858709991
350,0,0.005179122090339661,-0.036504317075014114,1.7696475982666016,0.042546723037958145,1.5677504539489746,0.0005185340996831656
351,0,0.005206335335969925,-0.03483803570270538,1.7695794105529785,0.05072588473558426,1.5676623582839966,0.0004001019988209009
352,0,0.005208032205700874,-0.03838634863495827,1.7695571184158325,0.04559871554374695,1.567567229270935,0.0003179846389684826
353,0,0.005185471847653389,-0.036025356501340866,1.7695777416229248,0.04149293154478073,1.5674182176589966,0.00038031541043892503
354,0,0.005124788731336594,-0.040627941489219666,1.7696454524993896,0.048031412065029144,1.5672341585159302,0.0004489163984544575
355,0,0.005037349183112383,-0.03754277899861336,1.7697393894195557,0.0466558001935482,1.5670535564422607,0.0005515114753507078
356,0,0.0049354033544659615,-0.04138586297631264,1.7698739767074585,0.0586838535964489,1.5668076276779175,0.000834137958008796
357,0,0.00482390308752656,-0.038420967757701874,1.7700060606002808,0.06265927851200104,1.5665844678878784,0.0013278055703267455
358,0,0.004724453203380108,-0.03953022509813309,1.7701318264007568,0.06006625294685364,1.5663788318634033,0.0005460772663354874
359,0,0.0046500517055392265,-0.03814287111163139,1.770219326019287,0.05139012634754181,1.5661512613296509,0.00025539868511259556
360,0,0.004580312874168158,-0.037584759294986725,1.7702925205230713,0.04480971768498421,1.5659514665603638,0.0003008624189533293
361,0,0.0045079863630235195,-0.04012121260166168,1.770365595817566,0.04418282210826874,1.5657492876052856,0.00047149162855930626
362,0,0.004428921267390251,-0.03875026851892471,1.7704392671585083,0.05718334764242172,1.565535068511963,0.0008522071875631809
363,0,0.00435560941696167,-0.03757806867361069,1.7705047130584717,0.059581730514764786,1.565361738204956,0.0013572577154263854
364,0,0.004312717821449041,-0.03605708107352257,1.7705368995666504,0.05580640584230423,1.5652233362197876,0.001224537380039692
365,0,0.0042995125986635685,-0.03850853815674782,1.7705254554748535,0.05609339103102684,1.565107822418213,0.0013553675962612033
366,0,0.004296322353184223,-0.037748996168375015,1.7704765796661377,0.05831442028284073,1.5650354623794556,0.0006294954800978303
367,0,0.004331325646489859,-0.03608565777540207,1.7703901529312134,0.04940348118543625,1.5649648904800415,0.0006216702749952674
368,0,0.004373481962829828,-0.03569325432181358,1.7702891826629639,0.050444696098566055,1.564923644065857,0.0005363721284084022
369,0,0.0044282847084105015,-0.035034991800785065,1.7701934576034546,0.04902056232094765,1.5648834705352783,0.0006070128874853253
370,0,0.004480293486267328,-0.0339302159845829,1.7701092958450317,0.05087776482105255,1.5648715496063232,0.0011121603893116117
371,0,0.00453018955886364,-0.03897412121295929,1.7700409889221191,0.05310210585594177,1.5648850202560425,0.0004585767746903002
372,0,0.004594486206769943,-0.03589026629924774,1.7699742317199707,0.040649816393852234,1.5648787021636963,0.00042685584048740566
373,0,0.004644922912120819,-0.03754136338829994,1.769927978515625,0.04078659415245056,1.5648431777954102,0.00043876521522179246
374,0,0.004669553600251675,-0.038060262799263,1.769914984703064,0.04396449401974678,1.5647823810577393,0.0004237616085447371
375,0,0.00467113871127367,-0.03787210211157799,1.7699379920959473,0.04250267520546913,1.5646833181381226,0.0003789864422287792
376,0,0.004655136726796627,-0.040623195469379425,1.7700024843215942,0.04427015781402588,1.5645577907562256,0.0004630118201021105
377,0,0.004615928512066603,-0.03832048922777176,1.7700870037078857,0.044435713440179825,1.5644192695617676,0.0003957453591283411
378,0,0.004564142785966396,-0.042292773723602295,1.7702068090438843,0.0460444912314415,1.5642478466033936,0.0004656684468500316
379,0,0.004498961381614208,-0.039044249802827835,1.7703255414962769,0.05299600213766098,1.5640747547149658,0.0004200113471597433
380,0,0.004435623995959759,-0.0413588285446167,1.770460844039917,0.04616960883140564,1.5638997554779053,0.0004194037464912981
381,0,0.004375019110739231,-0.038279399275779724,1.7705634832382202,0.04486134648323059,1.5637303590774536,0.00039369502337649465
382,0,0.0043066865764558315,-0.039185356348752975,1.7706537246704102,0.04454823210835457,1.5635396242141724,0.00040402100421488285
383,0,0.004231862258166075,-0.039592497050762177,1.7707388401031494,0.04478759691119194,1.5633320808410645,0.0004349022055976093
384,0,0.004156444687396288,-0.03979776054620743,1.770817518234253,0.04625416547060013,1.5631349086761475,0.0004273929516784847
385,0,0.004082751460373402,-0.03785349056124687,1.7708700895309448,0.05230773985385895,1.5629498958587646,0.0003968349192291498
386,0,0.004023435991257429,-0.03852444887161255,1.7709039449691772,0.04640816152095795,1.5627787113189697,0.0002554084057919681
387,0,0.003987888805568218,-0.0384083092212677,1.770908236503601,0.041219986975193024,1.562633991241455,0.00041322290780954063
388,0,0.003951728343963623,-0.03715497627854347,1.7708948850631714,0.04467488452792168,1.5625005960464478,0.0004367157816886902
389,0,0.003919125068932772,-0.03559405356645584,1.7708574533462524,0.0494043193757534,1.5623648166656494,0.0005769997951574624
390,0,0.0039030646439641714,-0.03666777163743973,1.770806074142456,0.052159540355205536,1.5622401237487793,0.0003462261229287833
391,0,0.0039116451516747475,-0.036073122173547745,1.7707407474517822,0.04101711884140968,1.562158465385437,0.00041982825496234
392,0,0.003933583851903677,-0.03613770753145218,1.7706652879714966,0.03909125179052353,1.5621016025543213,0.00041824413347058
393,0,0.003956642001867294,-0.03657667338848114,1.770580768585205,0.05048227682709694,1.5620352029800415,0.0008823850657790899
394,0,0.0039825476706027985,-0.03416275605559349,1.7704997062683105,0.05433942377567291,1.5620002746582031,0.000929100438952446
395,0,0.0040297131054103374,-0.036166850477457047,1.7704136371612549,0.04885714501142502,1.561989426612854,0.0003639512287918478
396,0,0.004102037753909826,-0.034419454634189606,1.7703176736831665,0.035472575575113297,1.5619808435440063,0.0003713819314725697
397,0,0.004169724881649017,-0.03722378984093666,1.7702304124832153,0.03624032437801361,1.561968445777893,0.0004908991395495832
398,0,0.004216437228024006,-0.03337476775050163,1.7701661586761475,0.045772455632686615,1.5619245767593384,0.0013652269262820482
399,0,0.004250106867402792,-0.03908658027648926,1.7701226472854614,0.05509832501411438,1.5618726015090942,0.0013682888820767403
400,0,0.004294229671359062,-0.03753550350666046,1.7700822353363037,0.056857045739889145,1.5618354082107544,0.0012637381441891193
401,0,0.004347407259047031,-0.03928719088435173,1.7700353860855103,0.054236121475696564,1.5618400573730469,0.0005569448694586754
402,0,0.004423947539180517,-0.03422188386321068,1.769974946975708,0.04376876354217529,1.561838150024414,0.0002507590688765049
403,0,0.004498224705457687,-0.03777686506509781,1.7699211835861206,0.03577284514904022,1.561826229095459,0.0004915577592328191
404,0,0.004541668109595776,-0.034267984330654144,1.7698910236358643,0.04321896657347679,1.5617667436599731,0.0006102194311097264
405,0,0.004565864335745573,-0.039166901260614395,1.7698956727981567,0.04982680827379227,1.5616849660873413,0.0013588696019724011
406,0,0.004572116769850254,-0.03568246588110924,1.7699142694473267,0.054937947541475296,1.5616155862808228,0.0012559079332277179
407,0,0.0045837280340492725,-0.03750062361359596,1.7699323892593384,0.05257502570748329,1.561545491218567,0.0010988367721438408
408,0,0.004602883942425251,-0.03821202740073204,1.7699458599090576,0.05251208320260048,1.5614705085754395,0.001373950159177184
409,0,0.004616311751306057,-0.03862063214182854,1.7699509859085083,0.05629125237464905,1.561383843421936,0.001499544712714851
410,0,0.004628084599971771,-0.03448978811502457,1.769939661026001,0.055612966418266296,1.5613006353378296,0.0012855645036324859
411,0,0.004641175270080566,-0.0373665876686573,1.7699089050292969,0.05129973217844963,1.5612375736236572,0.0004434488946571946
412,0,0.004666025750339031,-0.037256110459566116,1.769885540008545,0.03948292136192322,1.5611625909805298,0.0003559620527084917
413,0,0.0046650925651192665,-0.03624437376856804,1.7698817253112793,0.03879210725426674,1.561050295829773,0.0004107602289877832
414,0,0.0046383049339056015,-0.03861920163035393,1.7699143886566162,0.04771437495946884,1.560887098312378,0.0011538956314325333
415,0,0.004581518936902285,-0.03754979744553566,1.7699730396270752,0.057455096393823624,1.5607227087020874,0.0008875597268342972
416,0,0.004533851053565741,-0.03851861134171486,1.770042896270752,0.055028945207595825,1.5605723857879639,0.0008850528975017369
417,0,0.004501456394791603,-0.03919507935643196,1.770110845565796,0.05346488580107689,1.5604327917099,0.0013028605608269572
418,0,0.004470246843993664,-0.03954534977674484,1.7701666355133057,0.05722782015800476,1.560287356376648,0.0013388883089646697
419,0,0.004448214545845985,-0.03948405012488365,1.7701997756958008,0.058596618473529816,1.5601593255996704,0.0012629819102585316
420,0,0.004441945813596249,-0.038545336574316025,1.77021324634552,0.057429276406764984,1.5600507259368896,0.0012208254775032401
421,0,0.0044517251662909985,-0.038228776305913925,1.7702032327651978,0.05565701425075531,1.5599753856658936,0.0013265154557302594
422,0,0.004470719024538994,-0.034026600420475006,1.7701740264892578,0.05220581591129303,1.55991530418396,0.0011331905843690038
423,0,0.004503299482166767,-0.03832056373357773,1.7701276540756226,0.05062999576330185,1.5598738193511963,0.0011527761816978455
424,0,0.00453682616353035,-0.03545159846544266,1.7700775861740112,0.052534788846969604,1.5598348379135132,0.0012303243856877089
425,0,0.0045721023343503475,-0.03896276280283928,1.7700202465057373,0.05414682254195213,1.5597760677337646,0.0012670166324824095
426,0,0.0046067493967711926,-0.032750554382801056,1.7699676752090454,0.05187017843127251,1.5597243309020996,0.0011509265750646591
427,0,0.004646522458642721,-0.037726499140262604,1.7699170112609863,0.04902378469705582,1.5596808195114136,0.0008530850755050778
428,0,0.004681198392063379,-0.03498192876577377,1.7698838710784912,0.04944665729999542,1.5596299171447754,0.0007509003626182675
429,0,0.004709300119429827,-0.03971656784415245,1.7698681354522705,0.05158130079507828,1.559561848640442,0.001232330920174718
430,0,0.004725176841020584,-0.03429695963859558,1.7698711156845093,0.0520448312163353,1.5594912767410278,0.0011405020486563444
431,0,0.004741362761706114,-0.040166839957237244,1.769879698753357,0.05223099887371063,1.5594232082366943,0.001134695834480226
432,0,0.00475089717656374,-0.03433514013886452,1.769895076751709,0.05167990177869797,1.5593417882919312,0.0010743991006165743
433,0,0.004759395960718393,-0.04048490151762962,1.7699106931686401,0.05203233286738396,1.5592488050460815,0.0013013177085667849
434,0,0.0047588408924639225,-0.036997564136981964,1.7699319124221802,0.055326614528894424,1.5591516494750977,0.0012262467062100768
435,0,0.0047492580488324165,-0.03808796778321266,1.7699447870254517,0.05292961746454239,1.559054970741272,0.0005120677524246275
436,0,0.004750523250550032,-0.03832500800490379,1.769958734512329,0.045908018946647644,1.5589284896850586,0.0003303650300949812
437,0,0.00473758252337575,-0.03926544636487961,1.7699919939041138,0.042229484766721725,1.5588047504425049,0.00039035017834976315
438,0,0.004702246282249689,-0.039186619222164154,1.7700506448745728,0.0426311232149601,1.5586687326431274,0.0004084454558324069
439,0,0.004648571368306875,-0.040547579526901245,1.7701319456100464,0.05307205766439438,1.558492660522461,0.0008000718662515283
440,0,0.004581199027597904,-0.03880841284990311,1.7702302932739258,0.05751790478825569,1.5583223104476929,0.0006804165313951671
441,0,0.0045312498696148396,-0.04033349081873894,1.7703280448913574,0.05402514338493347,1.5581668615341187,0.0011788083938881755
442,0,0.0044870078563690186,-0.037531062960624695,1.7704050540924072,0.05492139607667923,1.5580202341079712,0.0006401191931217909
443,0,0.004456950817257166,-0.039073824882507324,1.770452618598938,0.05300696939229965,1.557892084121704,0.0005778928170911968
444,0,0.004441439639776945,-0.037611961364746094,1.7704851627349854,0.05147125944495201,1.5577696561813354,0.0011465318966656923
445,0,0.004431403707712889,-0.037202272564172745,1.7704917192459106,0.05293270945549011,1.5576729774475098,0.0011466022115200758
446,0,0.0044303955510258675,-0.036228008568286896,1.7704719305038452,0.052198752760887146,1.5575809478759766,0.0006695790798403323
447,0,0.004441717639565468,-0.036573853343725204,1.7704331874847412,0.05082480609416962,1.557502269744873,0.0005167046329006553
448,0,0.004458537790924311,-0.03678905963897705,1.7703922986984253,0.048103414475917816,1.5574370622634888,0.0006349851028062403
449,0,0.0044844988733530045,-0.03636307269334793,1.7703461647033691,0.049101099371910095,1.5573614835739136,0.0006269773002713919
450,0,0.004505549091845751,-0.037095680832862854,1.7703016996383667,0.05174108222126961,1.5573047399520874,0.0005439756205305457
451,0,0.004535152576863766,-0.036214496940374374,1.7702702283859253,0.0495612770318985,1.5572534799575806,0.0012028813362121582
452,0,0.004561740439385176,-0.036008961498737335,1.7702354192733765,0.05099938064813614,1.5572017431259155,0.0006335089565254748
453,0,0.004594655241817236,-0.038005731999874115,1.7701984643936157,0.0498250387609005,1.5571447610855103,0.0011224794434383512
454,0,0.004625525791198015,-0.03554730862379074,1.7701654434204102,0.050319891422986984,1.5570920705795288,0.0013103792443871498
455,0,0.0046502952463924885,-0.03637778013944626,1.7701259851455688,0.05098563805222511,1.5570363998413086,0.0007524436805397272
456,0,0.004672606475651264,-0.03845164179801941,1.770089864730835,0.049310505390167236,1.5569725036621094,0.0005697019514627755
457,0,0.004691894166171551,-0.03603873401880264,1.7700601816177368,0.04718794673681259,1.5568960905075073,0.00027888588374480605
458,0,0.004706453066319227,-0.03889302536845207,1.7700495719909668,0.03804401680827141,1.5568190813064575,0.0003190369752701372
459,0,0.00469806557521224,-0.038237497210502625,1.7700704336166382,0.04063040390610695,1.5567142963409424,0.0004759099392686039
460,0,0.004666778724640608,-0.040013957768678665,1.7701131105422974,0.05315782129764557,1.556562900543213,0.0008103311411105096
461,0,0.004624516703188419,-0.039731595665216446,1.770181655883789,0.057106997817754745,1.556409239768982,0.0011423606192693114
462,0,0.004595571663230658,-0.03895651176571846,1.7702463865280151,0.05454392358660698,1.5562808513641357,0.001206554239615798
463,0,0.004577413201332092,-0.03798527270555496,1.7702909708023071,0.05296727269887924,1.5561614036560059,0.0012576922308653593
464,0,0.004563508555293083,-0.03689178451895714,1.7703068256378174,0.05273943021893501,1.5560537576675415,0.000649988476652652
465,0,0.004557937849313021,-0.037906061857938766,1.7703038454055786,0.04828674718737602,1.5559728145599365,0.000570152944419533
466,0,0.004559705499559641,-0.03567654266953468,1.7702898979187012,0.045147716999053955,1.5558555126190186,0.0005795127362944186
467,0,0.00455933203920722,-0.03905220702290535,1.770269513130188,0.05045858398079872,1.5557392835617065,0.0006773777422495186
468,0,0.004553262609988451,-0.03629447892308235,1.770259976387024,0.05343439802527428,1.5556552410125732,0.00048704189248383045
469,0,0.004559324122965336,-0.038664624094963074,1.770259976387024,0.051218725740909576,1.5555864572525024,0.0004367940709926188
470,0,0.004575382452458143,-0.03741897642612457,1.7702702283859253,0.05033370852470398,1.5555223226547241,0.00045637867879122496
471,0,0.004597314167767763,-0.038869597017765045,1.770285964012146,0.05025380849838257,1.55546236038208,0.00048690682160668075
472,0,0.004624435678124428,-0.03822806105017662,1.770311951637268,0.05005984753370285,1.5554075241088867,0.0004944331012666225
473,0,0.004655137658119202,-0.038883108645677567,1.7703438997268677,0.04993332549929619,1.555356502532959,0.0004809214733541012
474,0,0.0046885027550160885,-0.03860998898744583,1.7703801393508911,0.04978308081626892,1.5553054809570312,0.0004742869350593537
475,0,0.004724527709186077,-0.038883864879608154,1.7704163789749146,0.04937506094574928,1.5552574396133423,0.0004901805659756064
476,0,0.004759948700666428,-0.03858719393610954,1.7704534530639648,0.049652568995952606,1.5552080869674683,0.00047553377225995064
477,0,0.0047957939095795155,-0.03893528878688812,1.77048659324646,0.04955384507775307,1.555159330368042,0.0004959729267284274
478,0,0.004831693135201931,-0.037170447409152985,1.7705180644989014,0.04676879942417145,1.555108666419983,0.0011245108908042312
479,0,0.0048560104332864285,-0.03819317743182182,1.7705310583114624,0.05103379115462303,1.5550471544265747,0.0005230309325270355
480,0,0.00487927021458745,-0.03733875975012779,1.7705273628234863,0.05042538791894913,1.5549834966659546,0.0004644836881197989
481,0,0.00489758001640439,-0.038017790764570236,1.7705234289169312,0.04812048003077507,1.5549163818359375,0.0003333318163640797
482,0,0.00491257244721055,-0.03743448480963707,1.7705110311508179,0.0386853963136673,1.5548300743103027,0.0002496821398381144
483,0,0.004908548668026924,-0.03801892697811127,1.7705018520355225,0.03794821351766586,1.5547221899032593,0.00042632242548279464
484,0,0.004876771476119757,-0.03886030614376068,1.7705100774765015,0.04899999126791954,1.5545616149902344,0.0007547172717750072
485,0,0.004824742209166288,-0.03801003471016884,1.7705327272415161,0.05516453832387924,1.5543951988220215,0.0011696978472173214
486,0,0.004779911134392023,-0.03830210864543915,1.7705434560775757,0.054561395198106766,1.5542402267456055,0.0010680651757866144
487,0,0.0047467900440096855,-0.035970643162727356,1.7705327272415161,0.052223388105630875,1.5541119575500488,0.001003112643957138
488,0,0.004722837824374437,-0.03737739101052284,1.7704977989196777,0.052643366158008575,1.5539880990982056,0.0004928248235955834
489,0,0.004710696171969175,-0.03589252755045891,1.770450472831726,0.04987482354044914,1.553875207901001,0.0010284626623615623
490,0,0.004703756421804428,-0.03571850061416626,1.7703969478607178,0.04897522181272507,1.5537747144699097,0.001167468260973692
491,0,0.004697195254266262,-0.036533989012241364,1.7703346014022827,0.05237330123782158,1.553682565689087,0.0005030675092712045
492,0,0.00470284977927804,-0.03545640781521797,1.7702745199203491,0.048455193638801575,1.553600788116455,0.0010801247553899884
493,0,0.004711866844445467,-0.03553158417344093,1.7702155113220215,0.04791295900940895,1.5535204410552979,0.0011419428046792746
494,0,0.004721426870673895,-0.03570978716015816,1.7701541185379028,0.04843711480498314,1.5534428358078003,0.0011783374939113855
495,0,0.004731266293674707,-0.03508327528834343,1.770094871520996,0.04932234808802605,1.5533720254898071,0.0010514550376683474
496,0,0.004744761157780886,-0.03738716244697571,1.7700382471084595,0.049027055501937866,1.553288459777832,0.0010747892083600163
497,0,0.0047607035376131535,-0.03472438082098961,1.7699922323226929,0.04870368912816048,1.5532190799713135,0.001034504733979702
498,0,0.0047778235748410225,-0.03803868219256401,1.7699564695358276,0.050243575125932693,1.553149700164795,0.0004814600688405335
499,0,0.004796717781573534,-0.03751852735877037,1.769943118095398,0.046292904764413834,1.553086519241333,0.0005531946080736816
500,0,0.004822575021535158,-0.03689778596162796,1.7699501514434814,0.043202776461839676,1.5530074834823608,0.0009321789257228374
501,0,0.004831237252801657,-0.03917752951383591,1.7699741125106812,0.051438771188259125,1.5529333353042603,0.0005507630412466824
502,0,0.004842853639274836,-0.03899559751152992,1.7700223922729492,0.049463387578725815,1.552858591079712,0.0009948572842404246
503,0,0.004857927560806274,-0.03846690058708191,1.7700825929641724,0.047741759568452835,1.5527878999710083,0.001095313229598105
504,0,0.00487026572227478,-0.039308760315179825,1.7701406478881836,0.050826236605644226,1.5527185201644897,0.0004988437867723405
505,0,0.004889130592346191,-0.0389726348221302,1.7701984643936157,0.047886501997709274,1.552646517753601,0.0009886791231110692
506,0,0.004908498376607895,-0.037945907562971115,1.7702546119689941,0.04677194356918335,1.5525767803192139,0.0010919470805674791
507,0,0.00492404168471694,-0.03832017630338669,1.7702982425689697,0.04736173525452614,1.552505612373352,0.001131245051510632
508,0,0.004934682510793209,-0.03825225308537483,1.7703282833099365,0.05101712420582771,1.5524336099624634,0.0004948389250785112
509,0,0.026202291250228882,0.0005723125068470836,1.709259033203125,0.00020511247566901147,1.5635322332382202,-1.179573155241087e-05
